tf,atlas_Donor_1,atlas_Donor_2,resol_Donor_1,resol_Donor_2,n_support,pct_club_mean
FOXJ1,False,False,False,False,0,0.007
ZNF474,False,False,False,False,0,0.008
CCDC17,False,False,False,False,0,0.009
RFX2,False,False,False,False,0,0.015
RFX3,False,False,False,False,0,0.019
ZNF473,False,False,False,False,0,0.027
ZNF440,False,False,False,False,0,0.031
TIGD4,False,False,False,False,0,0.031
ZBTB7C,False,False,False,False,0,0.04
ADNP,False,False,False,False,0,0.042
BAZ2A,False,False,False,False,0,0.054
CTCF,False,False,False,False,0,0.059
MGA,False,False,False,False,0,0.062
CHAMP1,False,False,False,False,0,0.064
MYSM1,False,False,False,False,0,0.065
PAX9,False,False,False,False,0,0.066
ZFX,False,False,False,False,0,0.068
RFX7,False,False,False,False,0,0.068
TP73,False,False,False,False,0,0.072
CEBPZ,False,False,False,False,0,0.074
CREBZF,False,False,False,False,0,0.076
ZNF644,False,False,False,False,0,0.078
PRMT3,False,False,False,False,0,0.08
FOXM1,False,False,False,False,0,0.085
PCGF6,False,False,False,False,0,0.086
CENPA,False,False,False,False,0,0.092
ZBED4,False,False,False,False,0,0.093
ZNF740,False,False,False,False,0,0.093
SPEN,False,False,False,False,0,0.095
BPTF,False,False,False,False,0,0.096
ZNF12,False,False,False,False,0,0.096
ELF3,False,False,False,False,0,0.096
ZFHX2,False,False,False,False,0,0.1
ZNF518A,False,False,False,False,0,0.1
PA2G4,False,False,False,False,0,0.1
TFDP1,False,False,False,False,0,0.102
ZZZ3,False,False,False,False,0,0.102
ZNF507,False,False,False,False,0,0.103
RBAK,False,False,False,False,0,0.103
ZNF236,False,False,False,False,0,0.104
MYBL2,False,False,False,False,0,0.104
GATAD2B,False,False,False,False,0,0.104
SRCAP,False,False,False,False,0,0.105
ZNF318,False,False,False,False,0,0.107
ZNF33A,False,False,False,False,0,0.109
ZBTB40,False,False,False,False,0,0.11
ZNF146,False,False,False,False,0,0.11
ARID2,False,False,False,False,0,0.111
ZNF609,False,False,False,False,0,0.111
SAFB,False,False,False,False,0,0.112
E2F7,False,False,False,False,0,0.114
ZKSCAN8,False,False,False,False,0,0.114
DNMT1,False,False,False,False,0,0.115
E2F8,False,False,False,False,0,0.117
TCF3,False,False,False,False,0,0.118
REXO4,False,False,False,False,0,0.122
ZFP62,False,False,False,False,0,0.123
MTF2,False,False,False,False,0,0.124
ZNF214,False,False,False,False,0,0.124
SON,False,False,False,False,0,0.126
TFCP2,False,False,False,False,0,0.129
ZNF148,False,False,False,False,0,0.131
ZNF592,False,False,False,False,0,0.132
MYNN,False,False,False,False,0,0.135
CDC5L,False,False,False,False,0,0.135
ZNF24,False,False,False,False,0,0.135
ZNF510,False,False,False,False,0,0.136
RBCK1,False,False,False,False,0,0.139
KMT2A,False,False,False,False,0,0.14
NKRF,False,False,False,False,0,0.141
E2F3,False,False,False,False,0,0.142
ZBTB11,False,False,False,False,0,0.143
PATZ1,False,False,False,False,0,0.147
ZNF93,False,False,False,False,0,0.148
ZNF207,False,False,False,False,0,0.149
AHCTF1,False,False,False,False,0,0.149
AKAP8L,False,False,False,False,0,0.15
KDM2A,False,False,False,False,0,0.151
ZNF407,False,False,False,False,0,0.152
LCORL,False,False,False,False,0,0.152
ZNF500,False,False,False,False,0,0.155
ZNF100,False,False,False,False,0,0.155
ZFP3,False,False,False,False,0,0.155
ZNF451,False,False,False,False,0,0.158
ZNF587,False,False,False,False,0,0.159
JRK,False,False,False,False,0,0.162
ZNF90,False,False,False,False,0,0.169
SIX2,False,False,False,False,0,0.174
ZNF714,False,False,False,False,0,0.174
ZNF487,False,False,False,False,0,0.175
RXRB,False,False,False,False,0,0.176
ZNF182,False,False,False,False,0,0.177
ZNF599,False,False,False,False,0,0.182
E4F1,False,False,False,False,0,0.182
ZNF396,False,False,False,False,0,0.185
ZBTB6,False,False,False,False,0,0.185
ZNF326,False,False,False,False,0,0.186
ZC3H8,False,False,False,False,0,0.189
ZNF75A,False,False,False,False,0,0.191
ZNF140,False,False,False,False,0,0.191
FOXJ3,False,False,False,False,0,0.192
CXXC1,False,False,False,False,0,0.192
GLYR1,False,False,False,False,0,0.193
PHF20,False,False,False,False,0,0.195
SAFB2,False,False,False,False,0,0.196
ZNF320,False,False,False,False,0,0.197
ZBTB44,False,False,False,False,0,0.197
ZNF197,False,False,False,False,0,0.198
TERF1,False,False,False,False,0,0.2
IKZF2,False,False,False,False,0,0.2
OTX1,False,False,False,False,0,0.201
MXD3,False,False,False,False,0,0.202
ZNF514,False,False,False,False,0,0.204
ZBED5,False,False,False,False,0,0.205
ZNF587B,False,False,False,False,0,0.205
NFX1,False,False,False,False,0,0.206
ASH1L,False,False,False,False,0,0.207
ZNF273,False,False,False,False,0,0.21
AKAP8,False,False,False,False,0,0.211
NR2C1,False,False,False,False,0,0.215
UBP1,False,False,False,False,0,0.215
PRDM4,False,False,False,False,0,0.216
MBD3,False,False,False,False,0,0.216
CLOCK,False,False,False,False,0,0.218
DR1,False,False,False,False,0,0.219
ZNF511,False,False,False,False,0,0.22
HMGA1,False,False,False,False,0,0.221
SOX5,False,False,False,False,0,0.222
ZNF28,False,False,False,False,0,0.223
TOPORS,False,False,False,False,0,0.225
SETDB1,False,False,False,False,0,0.227
ZSCAN29,False,False,False,False,0,0.228
ZNF76,False,False,False,False,0,0.228
ZNF124,False,False,False,False,0,0.228
ZNF780B,False,False,False,False,0,0.229
ZNF783,False,False,False,False,0,0.231
CENPT,False,False,False,False,0,0.233
ZNF551,False,False,False,False,0,0.233
ZNF446,False,False,False,False,0,0.234
ZNF397,False,False,False,False,0,0.234
CREB3L4,False,False,False,False,0,0.234
ZNF232,False,False,False,False,0,0.234
NFATC3,False,False,False,False,0,0.235
MECP2,False,False,False,False,0,0.236
ZNF268,False,False,False,False,0,0.237
GPBP1L1,False,False,False,False,0,0.237
TP53,False,False,False,False,0,0.238
ZNF107,False,False,False,False,0,0.238
ZNF345,False,False,False,False,0,0.238
GTF2I,False,False,False,False,0,0.239
ZNF384,False,False,False,False,0,0.239
E2F4,False,False,False,False,0,0.241
HES6,False,False,False,False,0,0.244
ZNF844,False,False,False,False,0,0.244
HMGA2,False,False,False,False,0,0.245
ELK4,False,False,False,False,0,0.246
ETV4,False,False,False,False,0,0.246
HMG20A,False,False,False,False,0,0.248
GABPA,False,False,False,False,0,0.248
ARNTL2,False,False,False,False,0,0.249
ADNP2,False,False,False,False,0,0.249
ZNF678,False,False,False,False,0,0.25
ZNF141,False,False,False,False,0,0.251
ZNF445,False,False,False,False,0,0.253
CARF,False,False,False,False,0,0.254
ZNF263,False,False,False,False,0,0.255
IKZF5,False,False,False,False,0,0.257
THAP5,False,False,False,False,0,0.257
ZNF830,False,False,False,False,0,0.258
ZNF253,False,False,False,False,0,0.259
ZNF770,False,False,False,False,0,0.26
ZNF136,False,False,False,False,0,0.261
FOXK2,False,False,False,False,0,0.262
ZNF692,False,False,False,False,0,0.262
ZNF689,False,False,False,False,0,0.263
MYB,False,False,False,False,0,0.264
ZNF766,False,False,False,False,0,0.265
ZNF700,False,False,False,False,0,0.265
ZNF92,False,False,False,False,0,0.266
TGIF2,False,False,False,False,0,0.267
ATF6B,False,False,False,False,0,0.27
ZSCAN18,False,False,False,False,0,0.27
ZNF335,False,False,False,False,0,0.27
ZNF559,False,False,False,False,0,0.274
ZNF211,False,False,False,False,0,0.275
THAP6,False,False,False,False,0,0.276
ZNF680,False,False,False,False,0,0.278
ZNF606,False,False,False,False,0,0.282
YY1,False,False,False,False,0,0.283
ZNF675,False,False,False,False,0,0.284
ZNF708,False,False,False,False,0,0.285
ZNF813,False,False,False,False,0,0.289
ZNF398,False,False,False,False,0,0.296
POU2F1,False,False,False,False,0,0.296
TMF1,False,False,False,False,0,0.296
MBD6,False,False,False,False,0,0.297
ZNF254,False,False,False,False,0,0.297
ZNF260,False,False,False,False,0,0.299
CC2D1A,False,False,False,False,0,0.301
ELF5,False,False,False,False,0,0.302
CREB1,False,False,False,False,0,0.307
ZNF234,False,False,False,False,0,0.308
ZNF37A,False,False,False,False,0,0.308
THAP4,False,False,False,False,0,0.308
ZNF525,False,False,False,False,0,0.311
AEBP2,False,False,False,False,0,0.313
MBD4,False,False,False,False,0,0.314
ZNF800,False,False,False,False,0,0.315
CGGBP1,False,False,False,False,0,0.315
ZNF512B,False,False,False,False,0,0.317
TCF20,False,False,False,False,0,0.318
ZNF667,False,False,False,False,0,0.321
ZNF121,False,False,False,False,0,0.323
ZNF567,False,False,False,False,0,0.323
BAZ2B,False,False,False,False,0,0.324
SMAD4,False,False,False,False,0,0.325
STAT1,False,False,False,False,0,0.328
ZNF181,False,False,False,False,0,0.329
MYC,False,False,False,False,0,0.329
ZNF134,False,False,False,False,0,0.33
LCOR,False,False,False,False,0,0.331
ZNF292,False,False,False,False,0,0.332
ZNF138,False,False,False,False,0,0.335
PURA,False,False,False,False,0,0.335
ZNF131,False,False,False,False,0,0.335
ZNF577,False,False,False,False,0,0.335
TTF1,False,False,False,False,0,0.336
ZBED2,False,False,False,False,0,0.336
GATAD2A,False,False,False,False,0,0.337
ZNF512,False,False,False,False,0,0.338
ZNF346,False,False,False,False,0,0.341
FLYWCH1,False,False,False,False,0,0.341
ZNF816,False,False,False,False,0,0.343
WIZ,False,False,False,False,0,0.344
NFYB,False,False,False,False,0,0.344
NCOA2,False,False,False,False,0,0.345
MZF1,False,False,False,False,0,0.346
ZNF302,False,False,False,False,0,0.346
ZNF891,False,False,False,False,0,0.347
ZNF334,False,False,False,False,0,0.348
PLAGL2,False,False,False,False,0,0.352
ZNF827,False,False,False,False,0,0.354
GTF3A,False,False,False,False,0,0.355
MAZ,False,False,False,False,0,0.355
ZNF420,False,False,False,False,0,0.357
ZNF598,False,False,False,False,0,0.357
PRDM2,False,False,False,False,0,0.358
REPIN1,False,False,False,False,0,0.358
ZXDC,False,False,False,False,0,0.359
ZSCAN25,False,False,False,False,0,0.359
ZNF880,False,False,False,False,0,0.364
ZNF568,False,False,False,False,0,0.365
ZNF337,False,False,False,False,0,0.365
ZNF281,False,False,False,False,0,0.366
GTF2IRD2,False,False,False,False,0,0.367
KIN,False,False,False,False,0,0.368
YBX1,False,False,False,False,0,0.369
ZNF224,False,False,False,False,0,0.37
TIGD2,False,False,False,False,0,0.371
NFAT5,False,False,False,False,0,0.372
TCF7L1,False,False,False,False,0,0.373
ZNF43,False,False,False,False,0,0.375
SP1,False,False,False,False,0,0.378
PBX1,False,False,False,False,0,0.381
ZNF160,False,False,False,False,0,0.381
ZNF133,False,False,False,False,0,0.382
ZNF506,False,False,False,False,0,0.386
ZFP14,False,False,False,False,0,0.386
ZNF300,False,False,False,False,0,0.386
ZNF165,False,False,False,False,0,0.387
FOXK1,False,False,False,False,0,0.388
PRDM15,False,False,False,False,0,0.393
THRB,False,False,False,False,0,0.394
IRX3,False,False,False,False,0,0.395
ZNF655,False,False,False,False,0,0.396
ZNF566,False,False,False,False,0,0.397
POU2AF1,False,False,False,False,0,0.398
ZNF529,False,False,False,False,0,0.398
ZNF493,False,False,False,False,0,0.401
E2F6,False,False,False,False,0,0.403
ZNF250,False,False,False,False,0,0.405
ZNF227,False,False,False,False,0,0.406
ZNF75D,False,False,False,False,0,0.407
ZBTB42,False,False,False,False,0,0.407
ATF2,False,False,False,False,0,0.408
SOX21,False,False,False,False,0,0.409
PPARA,False,False,False,False,0,0.412
SNAPC4,False,False,False,False,0,0.413
ZNF429,False,False,False,False,0,0.413
ZNF544,False,False,False,False,0,0.416
GLIS3,False,False,False,False,0,0.418
ISL1,False,False,False,False,0,0.418
ESRRA,False,False,False,False,0,0.421
TSHZ1,False,False,False,False,0,0.424
ZNF605,False,False,False,False,0,0.425
HLF,False,False,False,False,0,0.425
ATF7,False,False,False,False,0,0.425
EHF,False,False,False,False,0,0.426
TRERF1,False,False,False,False,0,0.426
ZNF35,False,False,False,False,0,0.427
ZNF814,False,False,False,False,0,0.427
ZNF22,False,False,False,False,0,0.428
NFE2L3,False,False,False,False,0,0.428
PURB,False,False,False,False,0,0.429
KLF3,False,False,False,False,0,0.431
ZNF226,False,False,False,False,0,0.432
SCMH1,False,False,False,False,0,0.432
DZIP1,False,False,False,False,0,0.432
ANKZF1,False,False,False,False,0,0.433
FOSL1,False,False,False,False,0,0.434
CASZ1,False,False,False,False,0,0.435
ZNF713,False,False,False,False,0,0.436
TFCP2L1,False,False,False,False,0,0.436
PKNOX1,False,False,False,False,0,0.438
ZNF195,False,False,False,False,0,0.439
TBP,False,False,False,False,0,0.44
ZNF576,False,False,False,False,0,0.44
ZNF594,False,False,False,False,0,0.443
ZNF629,False,False,False,False,0,0.445
KDM2B,False,False,False,False,0,0.445
MECOM,False,False,False,False,0,0.445
SATB1,False,False,False,False,0,0.446
SLC2A4RG,False,False,False,False,0,0.446
DNTTIP1,False,False,False,False,0,0.447
NFXL1,False,False,False,False,0,0.45
SIX4,False,False,False,False,0,0.451
RORA,False,False,False,False,0,0.452
ELK1,False,False,False,False,0,0.452
DRAP1,False,False,False,False,0,0.462
ZNF3,False,False,False,False,0,0.462
ZNF704,False,False,False,False,0,0.464
GRHL3,False,False,False,False,0,0.465
GTF2IRD2B,False,False,False,False,0,0.465
ZBTB33,False,False,False,False,0,0.467
NR3C2,False,False,False,False,0,0.468
ZNF436,False,False,False,False,0,0.471
NR2F2,False,False,False,False,0,0.472
RXRA,False,False,False,False,0,0.474
ZNF793,False,False,False,False,0,0.474
GMEB2,False,False,False,False,0,0.475
EEA1,False,False,False,False,0,0.477
CENPBD1,False,False,False,False,0,0.478
MEIS2,False,False,False,False,0,0.478
ZNF718,False,False,False,False,0,0.479
SOX15,False,False,False,False,0,0.48
ZNF791,False,False,False,False,0,0.48
DMTF1,False,False,False,False,0,0.481
ZNF280D,False,False,False,False,0,0.481
SP3,False,False,False,False,0,0.482
ZNF471,False,False,False,False,0,0.482
ZNF654,False,False,False,False,0,0.484
LIN54,False,False,False,False,0,0.484
FOXD1,False,False,False,False,0,0.484
L3MBTL3,False,False,False,False,0,0.485
ZBTB21,False,False,False,False,0,0.487
TERF2,False,False,False,False,0,0.487
THAP3,False,False,False,False,0,0.492
AHR,False,False,False,False,0,0.493
ZNF785,False,False,False,False,0,0.494
PRDM1,False,False,False,False,0,0.497
ZNF7,False,False,False,False,0,0.498
CUX1,False,False,False,False,0,0.502
FOXA1,False,False,False,False,0,0.502
ZNF652,False,False,False,False,0,0.505
ZNF354B,False,False,False,False,0,0.505
IRX5,False,False,False,False,0,0.507
MAF,False,False,False,False,0,0.508
ZNF462,False,False,False,False,0,0.509
PHF1,False,False,False,False,0,0.51
CREB3L2,False,False,False,False,0,0.51
HBP1,False,False,False,False,0,0.511
ZNF581,False,False,False,False,0,0.513
HIF1A,False,False,False,False,0,0.513
THAP1,False,False,False,False,0,0.513
ATF4,False,False,False,False,0,0.515
ZNF484,False,False,False,False,0,0.517
BNC1,False,False,False,False,0,0.517
PREB,False,False,False,False,0,0.517
CXXC4,False,False,False,False,0,0.518
ZNF615,False,False,False,False,0,0.521
TBX1,False,False,False,False,0,0.523
ZNF10,False,False,False,False,0,0.524
ZNF282,False,False,False,False,0,0.525
GMEB1,False,False,False,False,0,0.525
ZNF558,False,False,False,False,0,0.526
BCL11B,False,False,False,False,0,0.526
ZSCAN21,False,False,False,False,0,0.527
CREB3,False,False,False,False,0,0.527
CAMTA1,False,False,False,False,0,0.528
CREB3L1,False,False,False,False,0,0.528
MSANTD4,False,False,False,False,0,0.529
ZNF589,False,False,False,False,0,0.531
ZNF354C,False,False,False,False,0,0.531
PITX1,False,False,False,False,0,0.533
DMRT2,False,False,False,False,0,0.534
ZNF775,False,False,False,False,0,0.534
IRF3,False,False,False,False,0,0.535
FOXO3,False,False,False,False,0,0.536
ZNF561,False,False,False,False,0,0.536
AHDC1,False,False,False,False,0,0.537
ZNF664,False,False,False,False,0,0.538
NFYA,False,False,False,False,0,0.538
SGSM2,False,False,False,False,0,0.539
ZBTB25,False,False,False,False,0,0.539
ZNF677,False,False,False,False,0,0.54
SMAD5,False,False,False,False,0,0.543
ZBTB2,False,False,False,False,0,0.545
ZNF518B,False,False,False,False,0,0.547
ZNF44,False,False,False,False,0,0.547
ZNF362,False,False,False,False,0,0.55
IRF6,False,False,False,False,0,0.552
KLF13,False,False,False,False,0,0.553
HINFP,False,False,False,False,0,0.555
CHCHD3,False,False,False,False,0,0.555
ZNF569,False,False,False,False,0,0.555
ZNF626,False,False,False,False,0,0.556
GRHL2,False,False,False,False,0,0.557
ZNF682,False,False,False,False,0,0.557
ZNF721,False,False,False,False,0,0.558
TET3,False,False,False,False,0,0.558
RBPJ,False,False,False,False,0,0.559
TRPS1,False,False,False,False,0,0.559
ZBTB7A,False,False,False,False,0,0.559
NRF1,False,False,False,False,0,0.56
ZNF761,False,False,False,False,0,0.56
SNAI2,False,False,False,False,0,0.561
ZNF83,False,False,False,False,0,0.562
ZNF639,False,False,False,False,0,0.562
BCL11A,False,False,False,False,0,0.562
ZNF444,False,False,False,False,0,0.565
TP63,False,False,False,False,0,0.567
ZBTB7B,False,False,False,False,0,0.567
NFIC,False,False,False,False,0,0.569
FOXP2,False,False,False,False,0,0.569
ZNF526,False,False,False,False,0,0.573
ZNF441,False,False,False,False,0,0.573
THAP7,False,False,False,False,0,0.573
RFX5,False,False,False,False,0,0.575
ZNF608,False,False,False,False,0,0.575
TCF7L2,False,False,False,False,0,0.575
ZSCAN30,False,False,False,False,0,0.578
TSHZ2,False,False,False,False,0,0.578
CREBL2,False,False,False,False,0,0.579
ZNF750,False,False,False,False,0,0.581
TSHZ3,False,False,False,False,0,0.581
MLXIP,False,False,False,False,0,0.582
ETS1,False,False,False,False,0,0.582
ZNF524,False,False,False,False,0,0.585
NR2F6,False,False,False,False,0,0.588
GLI3,False,False,False,False,0,0.589
KAT7,False,False,False,False,0,0.59
ZNF532,False,False,False,False,0,0.59
SOX13,False,False,False,False,0,0.59
ZNF585A,False,False,False,False,0,0.591
ZBTB38,False,False,False,False,0,0.591
THAP11,False,False,False,False,0,0.591
TFAP2A,False,False,False,False,0,0.593
ASCL2,False,False,False,False,0,0.593
FOXA2,False,False,False,False,0,0.593
ZNF502,False,False,False,False,0,0.594
SETDB2,False,False,False,False,0,0.594
HIVEP1,False,False,False,False,0,0.595
ZFP64,False,False,False,False,0,0.595
KLF4,False,False,False,False,0,0.596
KLF8,False,False,False,False,0,0.598
SKI,False,False,False,False,0,0.598
RARG,False,False,False,False,0,0.599
ARHGAP35,False,False,False,False,0,0.6
ZNF528,False,False,False,False,0,0.601
ELF2,False,False,False,False,0,0.602
TFAP2C,False,False,False,False,0,0.603
MBD1,False,False,False,False,0,0.604
EGR2,False,False,False,False,0,0.604
IRX2,False,False,False,False,0,0.605
ETS2,False,False,False,False,0,0.605
ZNF711,False,False,False,False,0,0.605
FOXN3,False,False,False,False,0,0.605
ZNF57,False,False,False,False,0,0.606
NFIB,False,False,False,False,0,0.606
ZKSCAN1,False,False,False,False,0,0.607
FOXP1,False,False,False,False,0,0.611
KLF6,False,False,False,False,0,0.611
SOX2,False,False,False,False,0,0.611
L3MBTL1,False,False,False,False,0,0.611
JDP2,False,False,False,False,0,0.611
ZNF433,False,False,False,False,0,0.612
ZNF580,False,False,False,False,0,0.613
ZNF430,False,False,False,False,0,0.613
SMAD9,False,False,False,False,0,0.614
ZNF658,False,False,False,False,0,0.614
NPAS2,False,False,False,False,0,0.615
KLF16,False,False,False,False,0,0.616
DMRTA2,False,False,False,False,0,0.619
HMBOX1,False,False,False,False,0,0.621
NFIA,False,False,False,False,0,0.622
ZNF431,False,False,False,False,0,0.622
MAFB,False,False,False,False,0,0.622
ZNF317,False,False,False,False,0,0.623
SP2,False,False,False,False,0,0.624
NR4A2,False,False,False,False,0,0.624
TEF,False,False,False,False,0,0.625
ZSCAN32,False,False,False,False,0,0.626
HEY1,False,False,False,False,0,0.627
SPDEF,False,False,False,False,0,0.628
ZNF480,False,False,False,False,0,0.628
FOXQ1,False,False,False,False,0,0.629
ZFHX3,False,False,False,False,0,0.63
ETV6,False,False,False,False,0,0.632
ZNF618,False,False,False,False,0,0.632
GRHL1,False,False,False,False,0,0.634
ZNF266,False,False,False,False,0,0.635
ZNF672,False,False,False,False,0,0.636
NR1H2,False,False,False,False,0,0.636
MLX,False,False,False,False,0,0.637
ZNF184,False,False,False,False,0,0.637
ZNF649,False,False,False,False,0,0.642
ZNF703,False,False,False,False,0,0.642
NFKB2,False,False,False,False,0,0.644
FOSB,False,False,False,False,0,0.644
ZBTB24,False,False,False,False,0,0.644
ZNF219,False,False,False,False,0,0.644
EPAS1,False,False,False,False,0,0.647
DBP,False,False,False,False,0,0.649
ZNF200,False,False,False,False,0,0.649
ZNF821,False,False,False,False,0,0.649
ZNF516,False,False,False,False,0,0.65
ZBTB5,False,False,False,False,0,0.65
SREBF1,False,False,False,False,0,0.65
MXI1,False,False,False,False,0,0.651
HES1,False,False,False,False,0,0.651
BACH1,False,False,False,False,0,0.651
DOT1L,False,False,False,False,0,0.651
ZBTB1,False,False,False,False,0,0.652
BCL6,False,False,False,False,0,0.653
ZNF595,False,False,False,False,0,0.654
TRAFD1,False,False,False,False,0,0.655
DEAF1,False,False,False,False,0,0.655
SNAPC5,False,False,False,False,0,0.657
ZNF468,False,False,False,False,0,0.658
ZNF248,False,False,False,False,0,0.658
CXXC5,False,False,False,False,0,0.659
SMAD1,False,False,False,False,0,0.659
ZFP91,False,False,False,False,0,0.66
FOXE1,False,False,False,False,0,0.66
ZNF276,False,False,False,False,0,0.661
RUNX2,False,False,False,False,0,0.662
OVOL2,False,False,False,False,0,0.663
ZEB1,False,False,False,False,0,0.663
THYN1,False,False,False,False,0,0.664
NR3C1,False,False,False,False,0,0.665
ZNF350,False,False,False,False,0,0.665
ZNF611,False,False,False,False,0,0.665
TGIF1,False,False,False,False,0,0.666
EGR3,False,False,False,False,0,0.668
ZNF358,False,False,False,False,0,0.669
SIX1,False,False,False,False,0,0.669
HEY2,False,False,False,False,0,0.669
ZFP30,False,False,False,False,0,0.669
NR1D1,False,False,False,False,0,0.669
KLF5,False,False,False,False,0,0.669
SOX9,False,False,False,False,0,0.67
ZNF385A,False,False,False,False,0,0.671
ZNF415,False,False,False,False,0,0.672
SREBF2,False,False,False,False,0,0.672
FOS,False,False,False,False,0,0.672
ZNF32,False,False,False,False,0,0.672
FOXC1,False,False,False,False,0,0.673
PBX3,False,False,False,False,0,0.674
ZNF189,False,False,False,False,0,0.675
XPA,False,False,False,False,0,0.676
ETV3,False,False,False,False,0,0.676
ZBED6,False,False,False,False,0,0.678
ZBTB10,False,False,False,False,0,0.678
ZNF395,False,False,False,False,0,0.678
ZBTB4,False,False,False,False,0,0.68
POGK,False,False,False,False,0,0.681
KLF7,False,False,False,False,0,0.682
YBX3,False,False,False,False,0,0.683
PHF21A,False,False,False,False,0,0.684
FOXJ2,False,False,False,False,0,0.685
CSRNP1,False,False,False,False,0,0.685
ZNF174,False,False,False,False,0,0.685
ZNF322,False,False,False,False,0,0.685
MTF1,False,False,False,False,0,0.687
ATF6,False,False,False,False,0,0.688
HMGN3,False,False,False,False,0,0.688
ZNF808,False,False,False,False,0,0.689
JUNB,False,False,False,False,0,0.69
ZHX1,False,False,False,False,0,0.691
RFX1,False,False,False,False,0,0.693
SRF,False,False,False,False,0,0.694
ATMIN,False,False,False,False,0,0.695
BARX2,False,False,False,False,0,0.699
NCOA1,False,False,False,False,0,0.7
ZNF621,False,False,False,False,0,0.701
ZNF91,False,False,False,False,0,0.701
MNT,False,False,False,False,0,0.702
CSRNP2,False,False,False,False,0,0.705
ELK3,False,False,False,False,0,0.707
PLSCR1,False,False,False,False,0,0.709
ZFP90,False,False,False,False,0,0.711
ETV7,False,False,False,False,0,0.712
ZNF117,False,False,False,False,0,0.712
HES2,False,False,False,False,0,0.714
ZNF780A,False,False,False,False,0,0.716
ZBTB14,False,False,False,False,0,0.716
ZNF701,False,False,False,False,0,0.717
PPARD,False,False,False,False,0,0.72
RARB,False,False,False,False,0,0.721
RELB,False,False,False,False,0,0.723
ARID5B,False,False,False,False,0,0.724
ZNF143,False,False,False,False,0,0.727
TCF4,False,False,False,False,0,0.728
FOXO1,False,False,False,False,0,0.729
OVOL1,False,False,False,False,0,0.729
ZNF274,False,False,False,False,0,0.729
RREB1,False,False,False,False,0,0.729
RLF,False,False,False,False,0,0.733
NFE2L2,False,False,False,False,0,0.735
ZNF641,False,False,False,False,0,0.739
THRA,False,False,False,False,0,0.743
VEZF1,False,False,False,False,0,0.744
GLIS2,False,False,False,False,0,0.744
MBD2,False,False,False,False,0,0.745
ZBTB43,False,False,False,False,0,0.746
ZKSCAN5,False,False,False,False,0,0.747
ATF3,False,False,False,False,0,0.749
ZNF552,False,False,False,False,0,0.751
ZBED1,False,False,False,False,0,0.751
ZBTB37,False,False,False,False,0,0.751
STAT5B,False,False,False,False,0,0.752
ZNF513,False,False,False,False,0,0.753
ZSCAN31,False,False,False,False,0,0.753
THAP2,False,False,False,False,0,0.754
PCGF2,False,False,False,False,0,0.754
MYCL,False,False,False,False,0,0.754
ATF1,False,False,False,False,0,0.755
TCF12,False,False,False,False,0,0.756
CEBPG,False,False,False,False,0,0.758
ZBTB41,False,False,False,False,0,0.758
ZFY,False,False,False,False,0,0.759
NFYC,False,False,False,False,0,0.762
CREM,False,False,False,False,0,0.765
ZNF217,False,False,False,False,0,0.765
IRF7,False,False,False,False,0,0.765
NR1H3,False,False,False,False,0,0.765
FOXN2,False,False,False,False,0,0.765
ZNF426,False,False,False,False,0,0.766
FOSL2,False,False,False,False,0,0.769
ZNF764,False,False,False,False,0,0.77
HES4,False,False,False,False,0,0.771
NFIX,False,False,False,False,0,0.772
HOMEZ,False,False,False,False,0,0.772
CEBPB,False,False,False,False,0,0.773
TEAD1,False,False,False,False,0,0.774
KCMF1,False,False,False,False,0,0.775
PIN1,False,False,False,False,0,0.777
ZNF846,False,False,False,False,0,0.777
MEF2A,False,False,False,False,0,0.778
ZNF669,False,False,False,False,0,0.78
NCOA3,False,False,False,False,0,0.78
NFKB1,False,False,False,False,0,0.781
NFATC4,False,False,False,False,0,0.782
JRKL,False,False,False,False,0,0.782
IRF5,False,False,False,False,0,0.783
ARNT,False,False,False,False,0,0.784
SKIL,False,False,False,False,0,0.784
IRF1,False,False,False,False,0,0.786
MAFK,False,False,False,False,0,0.788
TEAD3,False,False,False,False,0,0.789
ZNF600,False,False,False,False,0,0.79
BHLHE41,False,False,False,False,0,0.792
HOXB2,False,False,False,False,0,0.792
ZFP82,False,False,False,False,0,0.793
ZFP1,False,False,False,False,0,0.793
ZBTB45,False,False,False,False,0,0.793
ZNF584,False,False,False,False,0,0.793
SMYD3,False,False,False,False,0,0.795
MITF,False,False,False,False,0,0.797
BBX,False,False,False,False,0,0.798
BHLHE40,False,False,False,False,0,0.799
ZNF557,False,False,False,False,0,0.801
NFIL3,False,False,False,False,0,0.801
MAX,False,False,False,False,0,0.804
MXD1,False,False,False,False,0,0.805
MBNL2,False,False,False,False,0,0.806
SOX4,False,False,False,False,0,0.806
KLF10,False,False,False,False,0,0.806
HSF1,False,False,False,False,0,0.806
NR1D2,False,False,False,False,0,0.807
MEIS1,False,False,False,False,0,0.809
PLAGL1,False,False,False,False,0,0.812
REST,False,False,False,False,0,0.814
TFDP2,False,False,False,False,0,0.816
PLAG1,False,False,False,False,0,0.817
STAT6,False,False,False,False,0,0.817
GZF1,False,False,False,False,0,0.817
DDIT3,False,False,False,False,0,0.818
ZNF503,False,False,False,False,0,0.82
TFE3,False,False,False,False,0,0.821
CEBPA,False,False,False,False,0,0.822
KLF9,False,False,False,False,0,0.822
HIVEP2,False,False,False,False,0,0.823
CENPB,False,False,False,False,0,0.823
JUN,False,False,False,False,0,0.823
RUNX1,False,False,False,False,0,0.825
TBX6,False,False,False,False,0,0.827
SP110,False,False,False,False,0,0.828
ELF1,False,False,False,False,0,0.83
VDR,False,False,False,False,0,0.83
MAFF,False,False,False,False,0,0.835
SP100,False,False,False,False,0,0.837
FAM200B,False,False,False,False,0,0.837
ZNF562,False,False,False,False,0,0.841
TSC22D1,False,False,False,False,0,0.842
JUND,False,False,False,False,0,0.846
ZNF25,False,False,False,False,0,0.85
USF2,False,False,False,False,0,0.851
MYRF,False,False,False,False,0,0.852
ZNF267,False,False,False,False,0,0.852
MXD4,False,False,False,False,0,0.853
MSANTD3,False,False,False,False,0,0.854
TBPL1,False,False,False,False,0,0.856
ZNF706,False,False,False,False,0,0.859
CAMTA2,False,False,False,False,0,0.86
ZNF786,False,False,False,False,0,0.86
ZBTB18,False,False,False,False,0,0.861
IRF2,False,False,False,False,0,0.861
STAT5A,False,False,False,False,0,0.862
ARNTL,False,False,False,False,0,0.863
ZNF277,False,False,False,False,0,0.864
STAT3,False,False,False,False,0,0.866
ZHX3,False,False,False,False,0,0.867
AKNA,False,False,False,False,0,0.867
GPBP1,False,False,False,False,0,0.867
MAFG,False,False,False,False,0,0.868
TET2,False,False,False,False,0,0.87
ZNF586,False,False,False,False,0,0.871
EGR1,False,False,False,False,0,0.875
STAT2,False,False,False,False,0,0.875
ZNF354A,False,False,False,False,0,0.877
SNAPC2,False,False,False,False,0,0.877
NR4A1,False,False,False,False,0,0.877
ZBTB8A,False,False,False,False,0,0.878
NFE2L1,False,False,False,False,0,0.878
XBP1,False,False,False,False,0,0.88
TFEB,False,False,False,False,0,0.882
ZSCAN16,False,False,False,False,0,0.885
ZBTB17,False,False,False,False,0,0.889
ZNF428,False,False,False,False,0,0.889
KDM5B,False,False,False,False,0,0.89
ZNF331,False,False,False,False,0,0.89
ARID3A,False,False,False,False,0,0.892
ZNF883,False,False,False,False,0,0.892
LTF,False,False,False,False,0,0.894
SMAD3,False,False,False,False,0,0.894
ZNF432,False,False,False,False,0,0.896
KLF11,False,False,False,False,0,0.904
HMG20B,False,False,False,False,0,0.907
HSF2,False,False,False,False,0,0.91
RELA,False,False,False,False,0,0.912
PPARG,False,False,False,False,0,0.914
ZNF688,False,False,False,False,0,0.916
CEBPD,False,False,False,False,0,0.919
GTF2IRD1,False,False,False,False,0,0.922
REL,False,False,False,False,0,0.923
ATF5,False,False,False,False,0,0.925
ZNF394,False,False,False,False,0,0.925
ZNF101,False,False,False,False,0,0.926
NACC2,False,False,False,False,0,0.93
ZBTB48,False,False,False,False,0,0.939
USF1,False,False,False,False,0,0.951
SP140L,False,False,False,False,0,0.955
NAIF1,False,False,False,False,0,0.967
GTF2B,False,False,False,False,0,0.99
