,dataset_id,donor_id,cell_class,n_cells
Banovich_Kropski_2020|homosapiens_None_2023_None_sikkemalisa_001_d10_1101_2022_03_10_483747THD0005|ciliated,Banovich_Kropski_2020,homosapiens_None_2023_None_sikkemalisa_001_d10_1101_2022_03_10_483747THD0005,ciliated,162
Banovich_Kropski_2020|homosapiens_None_2023_None_sikkemalisa_001_d10_1101_2022_03_10_483747THD0007|ciliated,Banovich_Kropski_2020,homosapiens_None_2023_None_sikkemalisa_001_d10_1101_2022_03_10_483747THD0007,ciliated,46
Banovich_Kropski_2020|homosapiens_None_2023_None_sikkemalisa_001_d10_1101_2022_03_10_483747THD0008|ciliated,Banovich_Kropski_2020,homosapiens_None_2023_None_sikkemalisa_001_d10_1101_2022_03_10_483747THD0008,ciliated,189
Banovich_Kropski_2020|homosapiens_None_2023_None_sikkemalisa_001_d10_1101_2022_03_10_483747THD0009|ciliated,Banovich_Kropski_2020,homosapiens_None_2023_None_sikkemalisa_001_d10_1101_2022_03_10_483747THD0009,ciliated,34
Banovich_Kropski_2020|homosapiens_None_2023_None_sikkemalisa_001_d10_1101_2022_03_10_483747THD0009|club,Banovich_Kropski_2020,homosapiens_None_2023_None_sikkemalisa_001_d10_1101_2022_03_10_483747THD0009,club,29
Banovich_Kropski_2020|homosapiens_None_2023_None_sikkemalisa_001_d10_1101_2022_03_10_483747THD0010|ciliated,Banovich_Kropski_2020,homosapiens_None_2023_None_sikkemalisa_001_d10_1101_2022_03_10_483747THD0010,ciliated,35
Banovich_Kropski_2020|homosapiens_None_2023_None_sikkemalisa_001_d10_1101_2022_03_10_483747THD0010|club,Banovich_Kropski_2020,homosapiens_None_2023_None_sikkemalisa_001_d10_1101_2022_03_10_483747THD0010,club,28
Banovich_Kropski_2020|homosapiens_None_2023_None_sikkemalisa_001_d10_1101_2022_03_10_483747THD0012|ciliated,Banovich_Kropski_2020,homosapiens_None_2023_None_sikkemalisa_001_d10_1101_2022_03_10_483747THD0012,ciliated,68
Banovich_Kropski_2020|homosapiens_None_2023_None_sikkemalisa_001_d10_1101_2022_03_10_483747THD0014|ciliated,Banovich_Kropski_2020,homosapiens_None_2023_None_sikkemalisa_001_d10_1101_2022_03_10_483747THD0014,ciliated,76
Banovich_Kropski_2020|homosapiens_None_2023_None_sikkemalisa_001_d10_1101_2022_03_10_483747THD0014|club,Banovich_Kropski_2020,homosapiens_None_2023_None_sikkemalisa_001_d10_1101_2022_03_10_483747THD0014,club,85
Banovich_Kropski_2020|homosapiens_None_2023_None_sikkemalisa_001_d10_1101_2022_03_10_483747THD0015|ciliated,Banovich_Kropski_2020,homosapiens_None_2023_None_sikkemalisa_001_d10_1101_2022_03_10_483747THD0015,ciliated,57
Banovich_Kropski_2020|homosapiens_None_2023_None_sikkemalisa_001_d10_1101_2022_03_10_483747THD0017|ciliated,Banovich_Kropski_2020,homosapiens_None_2023_None_sikkemalisa_001_d10_1101_2022_03_10_483747THD0017,ciliated,25
Banovich_Kropski_2020|homosapiens_None_2023_None_sikkemalisa_001_d10_1101_2022_03_10_483747VUHD071|ciliated,Banovich_Kropski_2020,homosapiens_None_2023_None_sikkemalisa_001_d10_1101_2022_03_10_483747VUHD071,ciliated,97
Banovich_Kropski_2020|homosapiens_None_2023_None_sikkemalisa_001_d10_1101_2022_03_10_483747VUHD071|club,Banovich_Kropski_2020,homosapiens_None_2023_None_sikkemalisa_001_d10_1101_2022_03_10_483747VUHD071,club,26
Banovich_Kropski_2020|homosapiens_None_2023_None_sikkemalisa_001_d10_1101_2022_03_10_483747VUHD101|ciliated,Banovich_Kropski_2020,homosapiens_None_2023_None_sikkemalisa_001_d10_1101_2022_03_10_483747VUHD101,ciliated,38
Banovich_Kropski_2020|homosapiens_None_2023_None_sikkemalisa_001_d10_1101_2022_03_10_483747VUHD101|club,Banovich_Kropski_2020,homosapiens_None_2023_None_sikkemalisa_001_d10_1101_2022_03_10_483747VUHD101,club,64
Banovich_Kropski_2020|homosapiens_None_2023_None_sikkemalisa_001_d10_1101_2022_03_10_483747VUHD103|basal,Banovich_Kropski_2020,homosapiens_None_2023_None_sikkemalisa_001_d10_1101_2022_03_10_483747VUHD103,basal,36
Banovich_Kropski_2020|homosapiens_None_2023_None_sikkemalisa_001_d10_1101_2022_03_10_483747VUHD103|ciliated,Banovich_Kropski_2020,homosapiens_None_2023_None_sikkemalisa_001_d10_1101_2022_03_10_483747VUHD103,ciliated,1106
Banovich_Kropski_2020|homosapiens_None_2023_None_sikkemalisa_001_d10_1101_2022_03_10_483747VUHD103|club,Banovich_Kropski_2020,homosapiens_None_2023_None_sikkemalisa_001_d10_1101_2022_03_10_483747VUHD103,club,346
Banovich_Kropski_2020|homosapiens_None_2023_None_sikkemalisa_001_d10_1101_2022_03_10_483747VUHD104|ciliated,Banovich_Kropski_2020,homosapiens_None_2023_None_sikkemalisa_001_d10_1101_2022_03_10_483747VUHD104,ciliated,116
Banovich_Kropski_2020|homosapiens_None_2023_None_sikkemalisa_001_d10_1101_2022_03_10_483747VUHD104|club,Banovich_Kropski_2020,homosapiens_None_2023_None_sikkemalisa_001_d10_1101_2022_03_10_483747VUHD104,club,131
Banovich_Kropski_2020|homosapiens_None_2023_None_sikkemalisa_001_d10_1101_2022_03_10_483747VUHD105|ciliated,Banovich_Kropski_2020,homosapiens_None_2023_None_sikkemalisa_001_d10_1101_2022_03_10_483747VUHD105,ciliated,30
Banovich_Kropski_2020|homosapiens_None_2023_None_sikkemalisa_001_d10_1101_2022_03_10_483747VUHD106|ciliated,Banovich_Kropski_2020,homosapiens_None_2023_None_sikkemalisa_001_d10_1101_2022_03_10_483747VUHD106,ciliated,1868
Banovich_Kropski_2020|homosapiens_None_2023_None_sikkemalisa_001_d10_1101_2022_03_10_483747VUHD106|club,Banovich_Kropski_2020,homosapiens_None_2023_None_sikkemalisa_001_d10_1101_2022_03_10_483747VUHD106,club,625
Banovich_Kropski_2020|homosapiens_None_2023_None_sikkemalisa_001_d10_1101_2022_03_10_483747VUHD66|ciliated,Banovich_Kropski_2020,homosapiens_None_2023_None_sikkemalisa_001_d10_1101_2022_03_10_483747VUHD66,ciliated,1082
Banovich_Kropski_2020|homosapiens_None_2023_None_sikkemalisa_001_d10_1101_2022_03_10_483747VUHD66|club,Banovich_Kropski_2020,homosapiens_None_2023_None_sikkemalisa_001_d10_1101_2022_03_10_483747VUHD66,club,167
Banovich_Kropski_2020|homosapiens_None_2023_None_sikkemalisa_001_d10_1101_2022_03_10_483747VUHD67|basal,Banovich_Kropski_2020,homosapiens_None_2023_None_sikkemalisa_001_d10_1101_2022_03_10_483747VUHD67,basal,46
Banovich_Kropski_2020|homosapiens_None_2023_None_sikkemalisa_001_d10_1101_2022_03_10_483747VUHD67|ciliated,Banovich_Kropski_2020,homosapiens_None_2023_None_sikkemalisa_001_d10_1101_2022_03_10_483747VUHD67,ciliated,312
Banovich_Kropski_2020|homosapiens_None_2023_None_sikkemalisa_001_d10_1101_2022_03_10_483747VUHD67|club,Banovich_Kropski_2020,homosapiens_None_2023_None_sikkemalisa_001_d10_1101_2022_03_10_483747VUHD67,club,82
Banovich_Kropski_2020|homosapiens_None_2023_None_sikkemalisa_001_d10_1101_2022_03_10_483747VUHD68|ciliated,Banovich_Kropski_2020,homosapiens_None_2023_None_sikkemalisa_001_d10_1101_2022_03_10_483747VUHD68,ciliated,38
Banovich_Kropski_2020|homosapiens_None_2023_None_sikkemalisa_001_d10_1101_2022_03_10_483747VUHD68|club,Banovich_Kropski_2020,homosapiens_None_2023_None_sikkemalisa_001_d10_1101_2022_03_10_483747VUHD68,club,34
Banovich_Kropski_2020|homosapiens_None_2023_None_sikkemalisa_001_d10_1101_2022_03_10_483747VUHD70|ciliated,Banovich_Kropski_2020,homosapiens_None_2023_None_sikkemalisa_001_d10_1101_2022_03_10_483747VUHD70,ciliated,320
Banovich_Kropski_2020|homosapiens_None_2023_None_sikkemalisa_001_d10_1101_2022_03_10_483747VUHD70|club,Banovich_Kropski_2020,homosapiens_None_2023_None_sikkemalisa_001_d10_1101_2022_03_10_483747VUHD70,club,36
Banovich_Kropski_2020|homosapiens_None_2023_None_sikkemalisa_001_d10_1101_2022_03_10_483747VUHD84|ciliated,Banovich_Kropski_2020,homosapiens_None_2023_None_sikkemalisa_001_d10_1101_2022_03_10_483747VUHD84,ciliated,416
Banovich_Kropski_2020|homosapiens_None_2023_None_sikkemalisa_001_d10_1101_2022_03_10_483747VUHD84|club,Banovich_Kropski_2020,homosapiens_None_2023_None_sikkemalisa_001_d10_1101_2022_03_10_483747VUHD84,club,107
Banovich_Kropski_2020|homosapiens_None_2023_None_sikkemalisa_001_d10_1101_2022_03_10_483747VUHD92|ciliated,Banovich_Kropski_2020,homosapiens_None_2023_None_sikkemalisa_001_d10_1101_2022_03_10_483747VUHD92,ciliated,415
Banovich_Kropski_2020|homosapiens_None_2023_None_sikkemalisa_001_d10_1101_2022_03_10_483747VUHD92|club,Banovich_Kropski_2020,homosapiens_None_2023_None_sikkemalisa_001_d10_1101_2022_03_10_483747VUHD92,club,46
Banovich_Kropski_2020|homosapiens_None_2023_None_sikkemalisa_001_d10_1101_2022_03_10_483747VUHD94|ciliated,Banovich_Kropski_2020,homosapiens_None_2023_None_sikkemalisa_001_d10_1101_2022_03_10_483747VUHD94,ciliated,160
Banovich_Kropski_2020|homosapiens_None_2023_None_sikkemalisa_001_d10_1101_2022_03_10_483747VUHD94|club,Banovich_Kropski_2020,homosapiens_None_2023_None_sikkemalisa_001_d10_1101_2022_03_10_483747VUHD94,club,200
Banovich_Kropski_2020|homosapiens_None_2023_None_sikkemalisa_001_d10_1101_2022_03_10_483747VUHD95|ciliated,Banovich_Kropski_2020,homosapiens_None_2023_None_sikkemalisa_001_d10_1101_2022_03_10_483747VUHD95,ciliated,189
Banovich_Kropski_2020|homosapiens_None_2023_None_sikkemalisa_001_d10_1101_2022_03_10_483747VUHD95|club,Banovich_Kropski_2020,homosapiens_None_2023_None_sikkemalisa_001_d10_1101_2022_03_10_483747VUHD95,club,67
Banovich_Kropski_2020|homosapiens_None_2023_None_sikkemalisa_001_d10_1101_2022_03_10_483747VUHD98|ciliated,Banovich_Kropski_2020,homosapiens_None_2023_None_sikkemalisa_001_d10_1101_2022_03_10_483747VUHD98,ciliated,202
Banovich_Kropski_2020|homosapiens_None_2023_None_sikkemalisa_001_d10_1101_2022_03_10_483747VUHD98|club,Banovich_Kropski_2020,homosapiens_None_2023_None_sikkemalisa_001_d10_1101_2022_03_10_483747VUHD98,club,71
Barbry_Leroy_2020|homosapiens_None_2023_None_sikkemalisa_001_d10_1101_2022_03_10_483747D322|basal,Barbry_Leroy_2020,homosapiens_None_2023_None_sikkemalisa_001_d10_1101_2022_03_10_483747D322,basal,1493
Barbry_Leroy_2020|homosapiens_None_2023_None_sikkemalisa_001_d10_1101_2022_03_10_483747D322|club,Barbry_Leroy_2020,homosapiens_None_2023_None_sikkemalisa_001_d10_1101_2022_03_10_483747D322,club,39
Barbry_Leroy_2020|homosapiens_None_2023_None_sikkemalisa_001_d10_1101_2022_03_10_483747D326|basal,Barbry_Leroy_2020,homosapiens_None_2023_None_sikkemalisa_001_d10_1101_2022_03_10_483747D326,basal,3661
Barbry_Leroy_2020|homosapiens_None_2023_None_sikkemalisa_001_d10_1101_2022_03_10_483747D326|ciliated,Barbry_Leroy_2020,homosapiens_None_2023_None_sikkemalisa_001_d10_1101_2022_03_10_483747D326,ciliated,335
Barbry_Leroy_2020|homosapiens_None_2023_None_sikkemalisa_001_d10_1101_2022_03_10_483747D326|club,Barbry_Leroy_2020,homosapiens_None_2023_None_sikkemalisa_001_d10_1101_2022_03_10_483747D326,club,164
Barbry_Leroy_2020|homosapiens_None_2023_None_sikkemalisa_001_d10_1101_2022_03_10_483747D326|goblet,Barbry_Leroy_2020,homosapiens_None_2023_None_sikkemalisa_001_d10_1101_2022_03_10_483747D326,goblet,51
Barbry_Leroy_2020|homosapiens_None_2023_None_sikkemalisa_001_d10_1101_2022_03_10_483747D337|ciliated,Barbry_Leroy_2020,homosapiens_None_2023_None_sikkemalisa_001_d10_1101_2022_03_10_483747D337,ciliated,794
Barbry_Leroy_2020|homosapiens_None_2023_None_sikkemalisa_001_d10_1101_2022_03_10_483747D337|club,Barbry_Leroy_2020,homosapiens_None_2023_None_sikkemalisa_001_d10_1101_2022_03_10_483747D337,club,242
Barbry_Leroy_2020|homosapiens_None_2023_None_sikkemalisa_001_d10_1101_2022_03_10_483747D339|basal,Barbry_Leroy_2020,homosapiens_None_2023_None_sikkemalisa_001_d10_1101_2022_03_10_483747D339,basal,2757
Barbry_Leroy_2020|homosapiens_None_2023_None_sikkemalisa_001_d10_1101_2022_03_10_483747D339|ciliated,Barbry_Leroy_2020,homosapiens_None_2023_None_sikkemalisa_001_d10_1101_2022_03_10_483747D339,ciliated,130
Barbry_Leroy_2020|homosapiens_None_2023_None_sikkemalisa_001_d10_1101_2022_03_10_483747D339|club,Barbry_Leroy_2020,homosapiens_None_2023_None_sikkemalisa_001_d10_1101_2022_03_10_483747D339,club,114
Barbry_Leroy_2020|homosapiens_None_2023_None_sikkemalisa_001_d10_1101_2022_03_10_483747D344|basal,Barbry_Leroy_2020,homosapiens_None_2023_None_sikkemalisa_001_d10_1101_2022_03_10_483747D344,basal,700
Barbry_Leroy_2020|homosapiens_None_2023_None_sikkemalisa_001_d10_1101_2022_03_10_483747D344|ciliated,Barbry_Leroy_2020,homosapiens_None_2023_None_sikkemalisa_001_d10_1101_2022_03_10_483747D344,ciliated,937
Barbry_Leroy_2020|homosapiens_None_2023_None_sikkemalisa_001_d10_1101_2022_03_10_483747D344|club,Barbry_Leroy_2020,homosapiens_None_2023_None_sikkemalisa_001_d10_1101_2022_03_10_483747D344,club,700
Barbry_Leroy_2020|homosapiens_None_2023_None_sikkemalisa_001_d10_1101_2022_03_10_483747D344|goblet,Barbry_Leroy_2020,homosapiens_None_2023_None_sikkemalisa_001_d10_1101_2022_03_10_483747D344,goblet,34
Barbry_Leroy_2020|homosapiens_None_2023_None_sikkemalisa_001_d10_1101_2022_03_10_483747D353|basal,Barbry_Leroy_2020,homosapiens_None_2023_None_sikkemalisa_001_d10_1101_2022_03_10_483747D353,basal,5225
Barbry_Leroy_2020|homosapiens_None_2023_None_sikkemalisa_001_d10_1101_2022_03_10_483747D353|ciliated,Barbry_Leroy_2020,homosapiens_None_2023_None_sikkemalisa_001_d10_1101_2022_03_10_483747D353,ciliated,2415
Barbry_Leroy_2020|homosapiens_None_2023_None_sikkemalisa_001_d10_1101_2022_03_10_483747D353|club,Barbry_Leroy_2020,homosapiens_None_2023_None_sikkemalisa_001_d10_1101_2022_03_10_483747D353,club,1713
Barbry_Leroy_2020|homosapiens_None_2023_None_sikkemalisa_001_d10_1101_2022_03_10_483747D354|basal,Barbry_Leroy_2020,homosapiens_None_2023_None_sikkemalisa_001_d10_1101_2022_03_10_483747D354,basal,3071
Barbry_Leroy_2020|homosapiens_None_2023_None_sikkemalisa_001_d10_1101_2022_03_10_483747D354|ciliated,Barbry_Leroy_2020,homosapiens_None_2023_None_sikkemalisa_001_d10_1101_2022_03_10_483747D354,ciliated,1338
Barbry_Leroy_2020|homosapiens_None_2023_None_sikkemalisa_001_d10_1101_2022_03_10_483747D354|club,Barbry_Leroy_2020,homosapiens_None_2023_None_sikkemalisa_001_d10_1101_2022_03_10_483747D354,club,1037
Barbry_Leroy_2020|homosapiens_None_2023_None_sikkemalisa_001_d10_1101_2022_03_10_483747D354|goblet,Barbry_Leroy_2020,homosapiens_None_2023_None_sikkemalisa_001_d10_1101_2022_03_10_483747D354,goblet,92
Barbry_Leroy_2020|homosapiens_None_2023_None_sikkemalisa_001_d10_1101_2022_03_10_483747D363|basal,Barbry_Leroy_2020,homosapiens_None_2023_None_sikkemalisa_001_d10_1101_2022_03_10_483747D363,basal,2229
Barbry_Leroy_2020|homosapiens_None_2023_None_sikkemalisa_001_d10_1101_2022_03_10_483747D363|ciliated,Barbry_Leroy_2020,homosapiens_None_2023_None_sikkemalisa_001_d10_1101_2022_03_10_483747D363,ciliated,315
Barbry_Leroy_2020|homosapiens_None_2023_None_sikkemalisa_001_d10_1101_2022_03_10_483747D363|club,Barbry_Leroy_2020,homosapiens_None_2023_None_sikkemalisa_001_d10_1101_2022_03_10_483747D363,club,118
Barbry_Leroy_2020|homosapiens_None_2023_None_sikkemalisa_001_d10_1101_2022_03_10_483747D367|basal,Barbry_Leroy_2020,homosapiens_None_2023_None_sikkemalisa_001_d10_1101_2022_03_10_483747D367,basal,4144
Barbry_Leroy_2020|homosapiens_None_2023_None_sikkemalisa_001_d10_1101_2022_03_10_483747D367|ciliated,Barbry_Leroy_2020,homosapiens_None_2023_None_sikkemalisa_001_d10_1101_2022_03_10_483747D367,ciliated,944
Barbry_Leroy_2020|homosapiens_None_2023_None_sikkemalisa_001_d10_1101_2022_03_10_483747D367|club,Barbry_Leroy_2020,homosapiens_None_2023_None_sikkemalisa_001_d10_1101_2022_03_10_483747D367,club,1026
Barbry_Leroy_2020|homosapiens_None_2023_None_sikkemalisa_001_d10_1101_2022_03_10_483747D372|basal,Barbry_Leroy_2020,homosapiens_None_2023_None_sikkemalisa_001_d10_1101_2022_03_10_483747D372,basal,7562
Barbry_Leroy_2020|homosapiens_None_2023_None_sikkemalisa_001_d10_1101_2022_03_10_483747D372|ciliated,Barbry_Leroy_2020,homosapiens_None_2023_None_sikkemalisa_001_d10_1101_2022_03_10_483747D372,ciliated,1299
Barbry_Leroy_2020|homosapiens_None_2023_None_sikkemalisa_001_d10_1101_2022_03_10_483747D372|club,Barbry_Leroy_2020,homosapiens_None_2023_None_sikkemalisa_001_d10_1101_2022_03_10_483747D372,club,113
Barbry_Leroy_2020|homosapiens_None_2023_None_sikkemalisa_001_d10_1101_2022_03_10_483747D372|goblet,Barbry_Leroy_2020,homosapiens_None_2023_None_sikkemalisa_001_d10_1101_2022_03_10_483747D372,goblet,247
Krasnow_2020|homosapiens_None_2023_None_sikkemalisa_001_d10_1101_2022_03_10_483747donor 1|basal,Krasnow_2020,homosapiens_None_2023_None_sikkemalisa_001_d10_1101_2022_03_10_483747donor 1,basal,77
Krasnow_2020|homosapiens_None_2023_None_sikkemalisa_001_d10_1101_2022_03_10_483747donor 1|ciliated,Krasnow_2020,homosapiens_None_2023_None_sikkemalisa_001_d10_1101_2022_03_10_483747donor 1,ciliated,88
Krasnow_2020|homosapiens_None_2023_None_sikkemalisa_001_d10_1101_2022_03_10_483747donor 1|club,Krasnow_2020,homosapiens_None_2023_None_sikkemalisa_001_d10_1101_2022_03_10_483747donor 1,club,61
Krasnow_2020|homosapiens_None_2023_None_sikkemalisa_001_d10_1101_2022_03_10_483747donor 2|basal,Krasnow_2020,homosapiens_None_2023_None_sikkemalisa_001_d10_1101_2022_03_10_483747donor 2,basal,155
Krasnow_2020|homosapiens_None_2023_None_sikkemalisa_001_d10_1101_2022_03_10_483747donor 2|ciliated,Krasnow_2020,homosapiens_None_2023_None_sikkemalisa_001_d10_1101_2022_03_10_483747donor 2,ciliated,753
Krasnow_2020|homosapiens_None_2023_None_sikkemalisa_001_d10_1101_2022_03_10_483747donor 2|club,Krasnow_2020,homosapiens_None_2023_None_sikkemalisa_001_d10_1101_2022_03_10_483747donor 2,club,225
Krasnow_2020|homosapiens_None_2023_None_sikkemalisa_001_d10_1101_2022_03_10_483747donor 3|basal,Krasnow_2020,homosapiens_None_2023_None_sikkemalisa_001_d10_1101_2022_03_10_483747donor 3,basal,731
Krasnow_2020|homosapiens_None_2023_None_sikkemalisa_001_d10_1101_2022_03_10_483747donor 3|ciliated,Krasnow_2020,homosapiens_None_2023_None_sikkemalisa_001_d10_1101_2022_03_10_483747donor 3,ciliated,589
Krasnow_2020|homosapiens_None_2023_None_sikkemalisa_001_d10_1101_2022_03_10_483747donor 3|club,Krasnow_2020,homosapiens_None_2023_None_sikkemalisa_001_d10_1101_2022_03_10_483747donor 3,club,275
Krasnow_2020|homosapiens_None_2023_None_sikkemalisa_001_d10_1101_2022_03_10_483747donor 3|goblet,Krasnow_2020,homosapiens_None_2023_None_sikkemalisa_001_d10_1101_2022_03_10_483747donor 3,goblet,39
Lafyatis_Rojas_2019|homosapiens_None_2023_None_sikkemalisa_001_d10_1101_2022_03_10_483747lafy_donor_2|ciliated,Lafyatis_Rojas_2019,homosapiens_None_2023_None_sikkemalisa_001_d10_1101_2022_03_10_483747lafy_donor_2,ciliated,44
Lafyatis_Rojas_2019|homosapiens_None_2023_None_sikkemalisa_001_d10_1101_2022_03_10_483747lafy_donor_3|ciliated,Lafyatis_Rojas_2019,homosapiens_None_2023_None_sikkemalisa_001_d10_1101_2022_03_10_483747lafy_donor_3,ciliated,84
Lafyatis_Rojas_2019|homosapiens_None_2023_None_sikkemalisa_001_d10_1101_2022_03_10_483747lafy_donor_4|ciliated,Lafyatis_Rojas_2019,homosapiens_None_2023_None_sikkemalisa_001_d10_1101_2022_03_10_483747lafy_donor_4,ciliated,47
Lafyatis_Rojas_2019|homosapiens_None_2023_None_sikkemalisa_001_d10_1101_2022_03_10_483747lafy_donor_5|ciliated,Lafyatis_Rojas_2019,homosapiens_None_2023_None_sikkemalisa_001_d10_1101_2022_03_10_483747lafy_donor_5,ciliated,64
Lafyatis_Rojas_2019|homosapiens_None_2023_None_sikkemalisa_001_d10_1101_2022_03_10_483747lafy_donor_6|ciliated,Lafyatis_Rojas_2019,homosapiens_None_2023_None_sikkemalisa_001_d10_1101_2022_03_10_483747lafy_donor_6,ciliated,358
Lafyatis_Rojas_2019|homosapiens_None_2023_None_sikkemalisa_001_d10_1101_2022_03_10_483747lafy_donor_6|club,Lafyatis_Rojas_2019,homosapiens_None_2023_None_sikkemalisa_001_d10_1101_2022_03_10_483747lafy_donor_6,club,83
Meyer_2019|homosapiens_None_2023_None_sikkemalisa_001_d10_1101_2022_03_10_483747356C|ciliated,Meyer_2019,homosapiens_None_2023_None_sikkemalisa_001_d10_1101_2022_03_10_483747356C,ciliated,67
Meyer_2019|homosapiens_None_2023_None_sikkemalisa_001_d10_1101_2022_03_10_483747390C|ciliated,Meyer_2019,homosapiens_None_2023_None_sikkemalisa_001_d10_1101_2022_03_10_483747390C,ciliated,25
Misharin_2021|homosapiens_None_2023_None_sikkemalisa_001_d10_1101_2022_03_10_483747NU_CZI01|basal,Misharin_2021,homosapiens_None_2023_None_sikkemalisa_001_d10_1101_2022_03_10_483747NU_CZI01,basal,2181
Misharin_2021|homosapiens_None_2023_None_sikkemalisa_001_d10_1101_2022_03_10_483747NU_CZI01|ciliated,Misharin_2021,homosapiens_None_2023_None_sikkemalisa_001_d10_1101_2022_03_10_483747NU_CZI01,ciliated,2452
Misharin_2021|homosapiens_None_2023_None_sikkemalisa_001_d10_1101_2022_03_10_483747NU_CZI01|club,Misharin_2021,homosapiens_None_2023_None_sikkemalisa_001_d10_1101_2022_03_10_483747NU_CZI01,club,422
Misharin_2021|homosapiens_None_2023_None_sikkemalisa_001_d10_1101_2022_03_10_483747NU_CZI01|goblet,Misharin_2021,homosapiens_None_2023_None_sikkemalisa_001_d10_1101_2022_03_10_483747NU_CZI01,goblet,136
Misharin_2021|homosapiens_None_2023_None_sikkemalisa_001_d10_1101_2022_03_10_483747NU_CZI02|ciliated,Misharin_2021,homosapiens_None_2023_None_sikkemalisa_001_d10_1101_2022_03_10_483747NU_CZI02,ciliated,310
Misharin_2021|homosapiens_None_2023_None_sikkemalisa_001_d10_1101_2022_03_10_483747NU_CZI02|club,Misharin_2021,homosapiens_None_2023_None_sikkemalisa_001_d10_1101_2022_03_10_483747NU_CZI02,club,92
Misharin_Budinger_2018|homosapiens_None_2023_None_sikkemalisa_001_d10_1101_2022_03_10_483747Donor_02|ciliated,Misharin_Budinger_2018,homosapiens_None_2023_None_sikkemalisa_001_d10_1101_2022_03_10_483747Donor_02,ciliated,82
Misharin_Budinger_2018|homosapiens_None_2023_None_sikkemalisa_001_d10_1101_2022_03_10_483747Donor_03|ciliated,Misharin_Budinger_2018,homosapiens_None_2023_None_sikkemalisa_001_d10_1101_2022_03_10_483747Donor_03,ciliated,67
Misharin_Budinger_2018|homosapiens_None_2023_None_sikkemalisa_001_d10_1101_2022_03_10_483747Donor_04|ciliated,Misharin_Budinger_2018,homosapiens_None_2023_None_sikkemalisa_001_d10_1101_2022_03_10_483747Donor_04,ciliated,115
Misharin_Budinger_2018|homosapiens_None_2023_None_sikkemalisa_001_d10_1101_2022_03_10_483747Donor_04|club,Misharin_Budinger_2018,homosapiens_None_2023_None_sikkemalisa_001_d10_1101_2022_03_10_483747Donor_04,club,35
Misharin_Budinger_2018|homosapiens_None_2023_None_sikkemalisa_001_d10_1101_2022_03_10_483747Donor_05|ciliated,Misharin_Budinger_2018,homosapiens_None_2023_None_sikkemalisa_001_d10_1101_2022_03_10_483747Donor_05,ciliated,28
Misharin_Budinger_2018|homosapiens_None_2023_None_sikkemalisa_001_d10_1101_2022_03_10_483747Donor_06|ciliated,Misharin_Budinger_2018,homosapiens_None_2023_None_sikkemalisa_001_d10_1101_2022_03_10_483747Donor_06,ciliated,29
Misharin_Budinger_2018|homosapiens_None_2023_None_sikkemalisa_001_d10_1101_2022_03_10_483747Donor_07|ciliated,Misharin_Budinger_2018,homosapiens_None_2023_None_sikkemalisa_001_d10_1101_2022_03_10_483747Donor_07,ciliated,216
Nawijn_2021|homosapiens_None_2023_None_sikkemalisa_001_d10_1101_2022_03_10_483747GRO-01|basal,Nawijn_2021,homosapiens_None_2023_None_sikkemalisa_001_d10_1101_2022_03_10_483747GRO-01,basal,87
Nawijn_2021|homosapiens_None_2023_None_sikkemalisa_001_d10_1101_2022_03_10_483747GRO-01|ciliated,Nawijn_2021,homosapiens_None_2023_None_sikkemalisa_001_d10_1101_2022_03_10_483747GRO-01,ciliated,68
Nawijn_2021|homosapiens_None_2023_None_sikkemalisa_001_d10_1101_2022_03_10_483747GRO-02|basal,Nawijn_2021,homosapiens_None_2023_None_sikkemalisa_001_d10_1101_2022_03_10_483747GRO-02,basal,295
Nawijn_2021|homosapiens_None_2023_None_sikkemalisa_001_d10_1101_2022_03_10_483747GRO-02|ciliated,Nawijn_2021,homosapiens_None_2023_None_sikkemalisa_001_d10_1101_2022_03_10_483747GRO-02,ciliated,501
Nawijn_2021|homosapiens_None_2023_None_sikkemalisa_001_d10_1101_2022_03_10_483747GRO-03|basal,Nawijn_2021,homosapiens_None_2023_None_sikkemalisa_001_d10_1101_2022_03_10_483747GRO-03,basal,5836
Nawijn_2021|homosapiens_None_2023_None_sikkemalisa_001_d10_1101_2022_03_10_483747GRO-03|ciliated,Nawijn_2021,homosapiens_None_2023_None_sikkemalisa_001_d10_1101_2022_03_10_483747GRO-03,ciliated,777
Nawijn_2021|homosapiens_None_2023_None_sikkemalisa_001_d10_1101_2022_03_10_483747GRO-03|club,Nawijn_2021,homosapiens_None_2023_None_sikkemalisa_001_d10_1101_2022_03_10_483747GRO-03,club,44
Nawijn_2021|homosapiens_None_2023_None_sikkemalisa_001_d10_1101_2022_03_10_483747GRO-03|goblet,Nawijn_2021,homosapiens_None_2023_None_sikkemalisa_001_d10_1101_2022_03_10_483747GRO-03,goblet,95
Nawijn_2021|homosapiens_None_2023_None_sikkemalisa_001_d10_1101_2022_03_10_483747GRO-04|basal,Nawijn_2021,homosapiens_None_2023_None_sikkemalisa_001_d10_1101_2022_03_10_483747GRO-04,basal,2618
Nawijn_2021|homosapiens_None_2023_None_sikkemalisa_001_d10_1101_2022_03_10_483747GRO-04|ciliated,Nawijn_2021,homosapiens_None_2023_None_sikkemalisa_001_d10_1101_2022_03_10_483747GRO-04,ciliated,1411
Nawijn_2021|homosapiens_None_2023_None_sikkemalisa_001_d10_1101_2022_03_10_483747GRO-04|club,Nawijn_2021,homosapiens_None_2023_None_sikkemalisa_001_d10_1101_2022_03_10_483747GRO-04,club,93
Nawijn_2021|homosapiens_None_2023_None_sikkemalisa_001_d10_1101_2022_03_10_483747GRO-04|goblet,Nawijn_2021,homosapiens_None_2023_None_sikkemalisa_001_d10_1101_2022_03_10_483747GRO-04,goblet,44
Nawijn_2021|homosapiens_None_2023_None_sikkemalisa_001_d10_1101_2022_03_10_483747GRO-06|basal,Nawijn_2021,homosapiens_None_2023_None_sikkemalisa_001_d10_1101_2022_03_10_483747GRO-06,basal,1268
Nawijn_2021|homosapiens_None_2023_None_sikkemalisa_001_d10_1101_2022_03_10_483747GRO-06|ciliated,Nawijn_2021,homosapiens_None_2023_None_sikkemalisa_001_d10_1101_2022_03_10_483747GRO-06,ciliated,686
Nawijn_2021|homosapiens_None_2023_None_sikkemalisa_001_d10_1101_2022_03_10_483747GRO-06|goblet,Nawijn_2021,homosapiens_None_2023_None_sikkemalisa_001_d10_1101_2022_03_10_483747GRO-06,goblet,48
Nawijn_2021|homosapiens_None_2023_None_sikkemalisa_001_d10_1101_2022_03_10_483747GRO-07|basal,Nawijn_2021,homosapiens_None_2023_None_sikkemalisa_001_d10_1101_2022_03_10_483747GRO-07,basal,1670
Nawijn_2021|homosapiens_None_2023_None_sikkemalisa_001_d10_1101_2022_03_10_483747GRO-07|ciliated,Nawijn_2021,homosapiens_None_2023_None_sikkemalisa_001_d10_1101_2022_03_10_483747GRO-07,ciliated,969
Nawijn_2021|homosapiens_None_2023_None_sikkemalisa_001_d10_1101_2022_03_10_483747GRO-07|club,Nawijn_2021,homosapiens_None_2023_None_sikkemalisa_001_d10_1101_2022_03_10_483747GRO-07,club,123
Nawijn_2021|homosapiens_None_2023_None_sikkemalisa_001_d10_1101_2022_03_10_483747GRO-07|goblet,Nawijn_2021,homosapiens_None_2023_None_sikkemalisa_001_d10_1101_2022_03_10_483747GRO-07,goblet,72
Nawijn_2021|homosapiens_None_2023_None_sikkemalisa_001_d10_1101_2022_03_10_483747GRO-08|basal,Nawijn_2021,homosapiens_None_2023_None_sikkemalisa_001_d10_1101_2022_03_10_483747GRO-08,basal,965
Nawijn_2021|homosapiens_None_2023_None_sikkemalisa_001_d10_1101_2022_03_10_483747GRO-08|ciliated,Nawijn_2021,homosapiens_None_2023_None_sikkemalisa_001_d10_1101_2022_03_10_483747GRO-08,ciliated,492
Nawijn_2021|homosapiens_None_2023_None_sikkemalisa_001_d10_1101_2022_03_10_483747GRO-08|club,Nawijn_2021,homosapiens_None_2023_None_sikkemalisa_001_d10_1101_2022_03_10_483747GRO-08,club,90
Nawijn_2021|homosapiens_None_2023_None_sikkemalisa_001_d10_1101_2022_03_10_483747GRO-09|basal,Nawijn_2021,homosapiens_None_2023_None_sikkemalisa_001_d10_1101_2022_03_10_483747GRO-09,basal,2988
Nawijn_2021|homosapiens_None_2023_None_sikkemalisa_001_d10_1101_2022_03_10_483747GRO-09|ciliated,Nawijn_2021,homosapiens_None_2023_None_sikkemalisa_001_d10_1101_2022_03_10_483747GRO-09,ciliated,629
Nawijn_2021|homosapiens_None_2023_None_sikkemalisa_001_d10_1101_2022_03_10_483747GRO-09|club,Nawijn_2021,homosapiens_None_2023_None_sikkemalisa_001_d10_1101_2022_03_10_483747GRO-09,club,60
Nawijn_2021|homosapiens_None_2023_None_sikkemalisa_001_d10_1101_2022_03_10_483747GRO-09|goblet,Nawijn_2021,homosapiens_None_2023_None_sikkemalisa_001_d10_1101_2022_03_10_483747GRO-09,goblet,68
Nawijn_2021|homosapiens_None_2023_None_sikkemalisa_001_d10_1101_2022_03_10_483747GRO-10|basal,Nawijn_2021,homosapiens_None_2023_None_sikkemalisa_001_d10_1101_2022_03_10_483747GRO-10,basal,2690
Nawijn_2021|homosapiens_None_2023_None_sikkemalisa_001_d10_1101_2022_03_10_483747GRO-10|ciliated,Nawijn_2021,homosapiens_None_2023_None_sikkemalisa_001_d10_1101_2022_03_10_483747GRO-10,ciliated,1612
Nawijn_2021|homosapiens_None_2023_None_sikkemalisa_001_d10_1101_2022_03_10_483747GRO-10|club,Nawijn_2021,homosapiens_None_2023_None_sikkemalisa_001_d10_1101_2022_03_10_483747GRO-10,club,69
Nawijn_2021|homosapiens_None_2023_None_sikkemalisa_001_d10_1101_2022_03_10_483747GRO-10|goblet,Nawijn_2021,homosapiens_None_2023_None_sikkemalisa_001_d10_1101_2022_03_10_483747GRO-10,goblet,170
Nawijn_2021|homosapiens_None_2023_None_sikkemalisa_001_d10_1101_2022_03_10_483747GRO-11|basal,Nawijn_2021,homosapiens_None_2023_None_sikkemalisa_001_d10_1101_2022_03_10_483747GRO-11,basal,228
Nawijn_2021|homosapiens_None_2023_None_sikkemalisa_001_d10_1101_2022_03_10_483747GRO-11|ciliated,Nawijn_2021,homosapiens_None_2023_None_sikkemalisa_001_d10_1101_2022_03_10_483747GRO-11,ciliated,864
Seibold_2020|homosapiens_None_2023_None_sikkemalisa_001_d10_1101_2022_03_10_483747T101|basal,Seibold_2020,homosapiens_None_2023_None_sikkemalisa_001_d10_1101_2022_03_10_483747T101,basal,2957
Seibold_2020|homosapiens_None_2023_None_sikkemalisa_001_d10_1101_2022_03_10_483747T101|ciliated,Seibold_2020,homosapiens_None_2023_None_sikkemalisa_001_d10_1101_2022_03_10_483747T101,ciliated,140
Seibold_2020|homosapiens_None_2023_None_sikkemalisa_001_d10_1101_2022_03_10_483747T120|basal,Seibold_2020,homosapiens_None_2023_None_sikkemalisa_001_d10_1101_2022_03_10_483747T120,basal,1342
Seibold_2020|homosapiens_None_2023_None_sikkemalisa_001_d10_1101_2022_03_10_483747T120|ciliated,Seibold_2020,homosapiens_None_2023_None_sikkemalisa_001_d10_1101_2022_03_10_483747T120,ciliated,185
Seibold_2020|homosapiens_None_2023_None_sikkemalisa_001_d10_1101_2022_03_10_483747T120|club,Seibold_2020,homosapiens_None_2023_None_sikkemalisa_001_d10_1101_2022_03_10_483747T120,club,38
Seibold_2020|homosapiens_None_2023_None_sikkemalisa_001_d10_1101_2022_03_10_483747T120|goblet,Seibold_2020,homosapiens_None_2023_None_sikkemalisa_001_d10_1101_2022_03_10_483747T120,goblet,54
Seibold_2020|homosapiens_None_2023_None_sikkemalisa_001_d10_1101_2022_03_10_483747T121|basal,Seibold_2020,homosapiens_None_2023_None_sikkemalisa_001_d10_1101_2022_03_10_483747T121,basal,1223
Seibold_2020|homosapiens_None_2023_None_sikkemalisa_001_d10_1101_2022_03_10_483747T121|ciliated,Seibold_2020,homosapiens_None_2023_None_sikkemalisa_001_d10_1101_2022_03_10_483747T121,ciliated,77
Seibold_2020|homosapiens_None_2023_None_sikkemalisa_001_d10_1101_2022_03_10_483747T126|basal,Seibold_2020,homosapiens_None_2023_None_sikkemalisa_001_d10_1101_2022_03_10_483747T126,basal,1454
Seibold_2020|homosapiens_None_2023_None_sikkemalisa_001_d10_1101_2022_03_10_483747T126|ciliated,Seibold_2020,homosapiens_None_2023_None_sikkemalisa_001_d10_1101_2022_03_10_483747T126,ciliated,192
Seibold_2020|homosapiens_None_2023_None_sikkemalisa_001_d10_1101_2022_03_10_483747T126|club,Seibold_2020,homosapiens_None_2023_None_sikkemalisa_001_d10_1101_2022_03_10_483747T126,club,31
Seibold_2020|homosapiens_None_2023_None_sikkemalisa_001_d10_1101_2022_03_10_483747T137|basal,Seibold_2020,homosapiens_None_2023_None_sikkemalisa_001_d10_1101_2022_03_10_483747T137,basal,911
Seibold_2020|homosapiens_None_2023_None_sikkemalisa_001_d10_1101_2022_03_10_483747T137|ciliated,Seibold_2020,homosapiens_None_2023_None_sikkemalisa_001_d10_1101_2022_03_10_483747T137,ciliated,282
Seibold_2020|homosapiens_None_2023_None_sikkemalisa_001_d10_1101_2022_03_10_483747T153|basal,Seibold_2020,homosapiens_None_2023_None_sikkemalisa_001_d10_1101_2022_03_10_483747T153,basal,2690
Seibold_2020|homosapiens_None_2023_None_sikkemalisa_001_d10_1101_2022_03_10_483747T153|ciliated,Seibold_2020,homosapiens_None_2023_None_sikkemalisa_001_d10_1101_2022_03_10_483747T153,ciliated,251
Seibold_2020|homosapiens_None_2023_None_sikkemalisa_001_d10_1101_2022_03_10_483747T153|club,Seibold_2020,homosapiens_None_2023_None_sikkemalisa_001_d10_1101_2022_03_10_483747T153,club,115
Seibold_2020|homosapiens_None_2023_None_sikkemalisa_001_d10_1101_2022_03_10_483747T153|goblet,Seibold_2020,homosapiens_None_2023_None_sikkemalisa_001_d10_1101_2022_03_10_483747T153,goblet,31
Seibold_2020|homosapiens_None_2023_None_sikkemalisa_001_d10_1101_2022_03_10_483747T154|basal,Seibold_2020,homosapiens_None_2023_None_sikkemalisa_001_d10_1101_2022_03_10_483747T154,basal,1413
Seibold_2020|homosapiens_None_2023_None_sikkemalisa_001_d10_1101_2022_03_10_483747T154|goblet,Seibold_2020,homosapiens_None_2023_None_sikkemalisa_001_d10_1101_2022_03_10_483747T154,goblet,36
Seibold_2020|homosapiens_None_2023_None_sikkemalisa_001_d10_1101_2022_03_10_483747T164|basal,Seibold_2020,homosapiens_None_2023_None_sikkemalisa_001_d10_1101_2022_03_10_483747T164,basal,2913
Seibold_2020|homosapiens_None_2023_None_sikkemalisa_001_d10_1101_2022_03_10_483747T164|ciliated,Seibold_2020,homosapiens_None_2023_None_sikkemalisa_001_d10_1101_2022_03_10_483747T164,ciliated,79
Seibold_2020|homosapiens_None_2023_None_sikkemalisa_001_d10_1101_2022_03_10_483747T165|basal,Seibold_2020,homosapiens_None_2023_None_sikkemalisa_001_d10_1101_2022_03_10_483747T165,basal,1983
Seibold_2020|homosapiens_None_2023_None_sikkemalisa_001_d10_1101_2022_03_10_483747T165|ciliated,Seibold_2020,homosapiens_None_2023_None_sikkemalisa_001_d10_1101_2022_03_10_483747T165,ciliated,51
Seibold_2020|homosapiens_None_2023_None_sikkemalisa_001_d10_1101_2022_03_10_483747T166|basal,Seibold_2020,homosapiens_None_2023_None_sikkemalisa_001_d10_1101_2022_03_10_483747T166,basal,2079
Seibold_2020|homosapiens_None_2023_None_sikkemalisa_001_d10_1101_2022_03_10_483747T166|ciliated,Seibold_2020,homosapiens_None_2023_None_sikkemalisa_001_d10_1101_2022_03_10_483747T166,ciliated,299
Seibold_2020|homosapiens_None_2023_None_sikkemalisa_001_d10_1101_2022_03_10_483747T166|club,Seibold_2020,homosapiens_None_2023_None_sikkemalisa_001_d10_1101_2022_03_10_483747T166,club,51
Seibold_2020|homosapiens_None_2023_None_sikkemalisa_001_d10_1101_2022_03_10_483747T167|basal,Seibold_2020,homosapiens_None_2023_None_sikkemalisa_001_d10_1101_2022_03_10_483747T167,basal,2220
Seibold_2020|homosapiens_None_2023_None_sikkemalisa_001_d10_1101_2022_03_10_483747T167|ciliated,Seibold_2020,homosapiens_None_2023_None_sikkemalisa_001_d10_1101_2022_03_10_483747T167,ciliated,163
Seibold_2020|homosapiens_None_2023_None_sikkemalisa_001_d10_1101_2022_03_10_483747T167|club,Seibold_2020,homosapiens_None_2023_None_sikkemalisa_001_d10_1101_2022_03_10_483747T167,club,30
Seibold_2020|homosapiens_None_2023_None_sikkemalisa_001_d10_1101_2022_03_10_483747T167|goblet,Seibold_2020,homosapiens_None_2023_None_sikkemalisa_001_d10_1101_2022_03_10_483747T167,goblet,75
Seibold_2020|homosapiens_None_2023_None_sikkemalisa_001_d10_1101_2022_03_10_483747T85|basal,Seibold_2020,homosapiens_None_2023_None_sikkemalisa_001_d10_1101_2022_03_10_483747T85,basal,3053
Seibold_2020|homosapiens_None_2023_None_sikkemalisa_001_d10_1101_2022_03_10_483747T85|ciliated,Seibold_2020,homosapiens_None_2023_None_sikkemalisa_001_d10_1101_2022_03_10_483747T85,ciliated,108
Seibold_2020|homosapiens_None_2023_None_sikkemalisa_001_d10_1101_2022_03_10_483747T85|club,Seibold_2020,homosapiens_None_2023_None_sikkemalisa_001_d10_1101_2022_03_10_483747T85,club,53
Seibold_2020|homosapiens_None_2023_None_sikkemalisa_001_d10_1101_2022_03_10_483747T85|goblet,Seibold_2020,homosapiens_None_2023_None_sikkemalisa_001_d10_1101_2022_03_10_483747T85,goblet,94
Seibold_2020|homosapiens_None_2023_None_sikkemalisa_001_d10_1101_2022_03_10_483747T89|basal,Seibold_2020,homosapiens_None_2023_None_sikkemalisa_001_d10_1101_2022_03_10_483747T89,basal,1927
Seibold_2020|homosapiens_None_2023_None_sikkemalisa_001_d10_1101_2022_03_10_483747T89|ciliated,Seibold_2020,homosapiens_None_2023_None_sikkemalisa_001_d10_1101_2022_03_10_483747T89,ciliated,134
Seibold_2020|homosapiens_None_2023_None_sikkemalisa_001_d10_1101_2022_03_10_483747T90|basal,Seibold_2020,homosapiens_None_2023_None_sikkemalisa_001_d10_1101_2022_03_10_483747T90,basal,1873
Seibold_2020|homosapiens_None_2023_None_sikkemalisa_001_d10_1101_2022_03_10_483747T90|ciliated,Seibold_2020,homosapiens_None_2023_None_sikkemalisa_001_d10_1101_2022_03_10_483747T90,ciliated,90
Seibold_2020|homosapiens_None_2023_None_sikkemalisa_001_d10_1101_2022_03_10_483747T90|goblet,Seibold_2020,homosapiens_None_2023_None_sikkemalisa_001_d10_1101_2022_03_10_483747T90,goblet,40
Teichmann_Meyer_2019|homosapiens_None_2023_None_sikkemalisa_001_d10_1101_2022_03_10_483747290B|ciliated,Teichmann_Meyer_2019,homosapiens_None_2023_None_sikkemalisa_001_d10_1101_2022_03_10_483747290B,ciliated,46
Teichmann_Meyer_2019|homosapiens_None_2023_None_sikkemalisa_001_d10_1101_2022_03_10_483747298C|ciliated,Teichmann_Meyer_2019,homosapiens_None_2023_None_sikkemalisa_001_d10_1101_2022_03_10_483747298C,ciliated,55
